{"0.025": {"svm": [0.024688143669985035, 0.6305769230769231], "lr": [0.01481254776649339, 0.6715384615384615], "nbc": [0.007403776778451747, 0.6903846153846154]}, "0.05": {"svm": [0.006964500951559525, 0.5857692307692308], "lr": [0.01583073787509457, 0.640576923076923], "nbc": [0.007777572318127819, 0.7109615384615384]}, "0.075": {"svm": [0.009659088711690269, 0.5721153846153846], "lr": [0.011443519651393716, 0.6517307692307692], "nbc": [0.006461334958130332, 0.725]}, "0.1": {"svm": [0.010189888440507104, 0.5694230769230769], "lr": [0.006655871437241419, 0.6590384615384616], "nbc": [0.007151100015151023, 0.7375]}, "0.15": {"svm": [0.009654833606324445, 0.5759615384615384], "lr": [0.00850634021187323, 0.6575], "nbc": [0.006216296370461878, 0.7430769230769231]}, "0.2": {"svm": [0.009411513924222025, 0.5523076923076923], "lr": [0.009078154342102815, 0.6407692307692308], "nbc": [0.006717324789973368, 0.7467307692307692]}}