{"1": {"2": {"wc": 390144.8080380224, "sc": 0.37354876244359386, "nmi": 0.8129008880517388}, "4": {"wc": 273314.3635232757, "sc": 0.5365954490761459, "nmi": 2.5642778966230533}, "8": {"wc": 179839.04543607385, "sc": 0.6739009747917469, "nmi": 6.670548354459898}, "16": {"wc": 121994.75911265623, "sc": 0.7711754929428707, "nmi": 14.63193233977827}, "32": {"wc": 86000.55408722146, "sc": 0.8358436167429251, "nmi": 30.72220430625286}}, "2": {"2": {"wc": 175329.2923914414, "sc": 0.493488075375761, "nmi": 1.2890392171599983}, "4": {"wc": 64097.86072892712, "sc": 0.7775551369331446, "nmi": 3.8326378501363174}, "8": {"wc": 51320.55562901524, "sc": 0.8118704798481133, "nmi": 8.579571640090883}, "16": {"wc": 32248.281068622615, "sc": 0.8688393482365742, "nmi": 15.92682137220463}, "32": {"wc": 22984.886618385135, "sc": 0.9019102327935183, "nmi": 32.15697570925549}}, "3": {"2": {"wc": 33267.446807753986, "sc": 0.8217453505137587, "nmi": 1.9850761036381726}, "4": {"wc": 26423.116136977205, "sc": 0.8318575331942327, "nmi": 4.461474396599221}, "8": {"wc": 16592.520066984904, "sc": 0.8654865406903929, "nmi": 8.159218264418318}, "16": {"wc": 13751.618103197583, "sc": 0.8881041128895402, "nmi": 18.367472195314388}, "32": {"wc": 8674.581941910585, "sc": 0.9241538887994951, "nmi": 34.375834762995204}}}