{"1": {"2": {"wc": 8983899.999516208, "sc": 0.37354876244359386, "nmi": 0.1749157850444038}, "4": {"wc": 4318259.322350552, "sc": 0.536596372603542, "nmi": 0.25899156820191493}, "8": {"wc": 1887621.7327022392, "sc": 0.6739027036448941, "nmi": 0.34678049252499643}, "16": {"wc": 858966.5151472061, "sc": 0.774063027545519, "nmi": 0.3708285296417602}, "32": {"wc": 430357.925481917, "sc": 0.8348940551820411, "nmi": 0.34101758599689164}}, "2": {"2": {"wc": 4211155.688507973, "sc": 0.493488075375761, "nmi": 0.31042499855405825}, "4": {"wc": 623865.311168234, "sc": 0.7775551369331446, "nmi": 0.45465341281006205}, "8": {"wc": 373868.9270944372, "sc": 0.8208814365366849, "nmi": 0.3733726044887019}, "16": {"wc": 272127.70099713217, "sc": 0.8551231623432117, "nmi": 0.32894312850311186}, "32": {"wc": 87300.68858956276, "sc": 0.9041162938483169, "nmi": 0.2724459643329673}}, "3": {"2": {"wc": 340372.41942807386, "sc": 0.8217453505137587, "nmi": 0.4907109902041447}, "4": {"wc": 168176.7969615552, "sc": 0.8339273282422265, "nmi": 0.32732728178276527}, "8": {"wc": 123497.97462932135, "sc": 0.8574491587140806, "nmi": 0.260555171942209}, "16": {"wc": 49153.19207622268, "sc": 0.8977081889453222, "nmi": 0.20176026452608084}, "32": {"wc": 27789.82251869574, "sc": 0.9240542845136086, "nmi": 0.16791066107575564}}}