{"1": {"2": {"wc": [8983697.212393435, 103.25414889223306], "sc": [0.37359159965514127, 2.181164049743993e-05], "nmi": [0.17866713268254614, 0.1749157850444038, 0.1749157850444038, 0.17866713268254614, 0.1749157850444038, 0.1749157850444038, 0.1749157850444038, 0.17866713268254614, 0.1749157850444038, 0.1749157850444038]}, "4": {"wc": [4295908.0601888355, 19464.975078025498], "sc": [0.37289934754238596, 0.0014646934251358725], "nmi": [0.2579241793547328, 0.2853024957078939, 0.25899156820191493, 0.2852537541759027, 0.2590820644240307, 0.28530249570789395, 0.25010410677098194, 0.2590563710228354, 0.2590820644240307, 0.25908206442403076]}, "8": {"wc": [1899494.317119084, 2576.563305444952], "sc": [0.4078507401796393, 0.0021590488246321857], "nmi": [0.343034551523523, 0.3426441921766611, 0.3464914436283018, 0.3464938326097499, 0.3426441921766611, 0.34258915898219944, 0.3467398990061676, 0.34306947998184434, 0.34295706238420043, 0.3429397729843681]}, "16": {"wc": [888551.4329347531, 8109.947223989522], "sc": [0.3975950897040542, 0.003143136951674758], "nmi": [0.3750848908540017, 0.36293825993744694, 0.37108375146172906, 0.38115833130823695, 0.37680502394893056, 0.3639948858459455, 0.3646517750855604, 0.35676992707425265, 0.38115833130823695, 0.38132102183131666]}, "32": {"wc": [417377.7437691364, 4147.663789533052], "sc": [0.39023319505262444, 0.0019346869939226637], "nmi": [0.35270446909775555, 0.346606333745046, 0.3512243048292408, 0.3487647374804518, 0.3505952100040485, 0.35324733283532656, 0.34755794062725004, 0.3517813152253151, 0.3430880641895313, 0.3452356428036004]}}, "2": {"2": {"wc": [4423793.361656121, 99670.12856352727], "sc": [0.4861320504500076, 0.007434344013624845], "nmi": [0.31042499855405825, 0.31042499855405825, 0.31042499855405825, 0.31042499855405825, 0.2939842151234023, 0.31042499855405825, 0.2745305666879051, 0.31042499855405825, 0.2745305666879051, 0.2939842151234023]}, "4": {"wc": [623865.3111682342, 2.2640377509430705e-10], "sc": [0.6953962989148753, 0.0], "nmi": [0.45465341281006205, 0.45465341281006216, 0.45465341281006216, 0.45465341281006216, 0.45465341281006216, 0.45465341281006216, 0.45465341281006216, 0.45465341281006216, 0.45465341281006205, 0.45465341281006216]}, "8": {"wc": [375959.71706783853, 10190.834124088575], "sc": [0.488858224355578, 0.010357086441101625], "nmi": [0.3887337976122233, 0.3715950481162468, 0.37510005557092596, 0.3750924184494395, 0.3849020394595409, 0.3650494587504102, 0.37388455031062995, 0.37302209323358887, 0.3818912926024096, 0.3737831338468389]}, "16": {"wc": [201326.52145448682, 10837.303734245641], "sc": [0.40772582747558467, 0.008338917289679226], "nmi": [0.32598343987105505, 0.31461998682397163, 0.32894312850311186, 0.30930404609198336, 0.3167058902445057, 0.33003779092648605, 0.3087233008545719, 0.3133150594305253, 0.31567956739319536, 0.31427138018795836]}, "32": {"wc": [88893.36347399859, 2115.1482126591623], "sc": [0.3680117285105249, 0.0025194675103408014], "nmi": [0.271727439123564, 0.27063298698716237, 0.2780146748097561, 0.2706118138858364, 0.27000751608817997, 0.2716298625339245, 0.27051429234269764, 0.26965983916346137, 0.27246875288385464, 0.27836992393616006]}}, "3": {"2": {"wc": [340372.4194280722, 3.3107375004005243e-10], "sc": [0.8217453505137587, 0.0], "nmi": [0.4907109902041447, 0.4907109902041447, 0.4907109902041447, 0.4907109902041447, 0.4907109902041447, 0.4907109902041447, 0.4907109902041447, 0.4907109902041447, 0.4907109902041447, 0.4907109902041447]}, "4": {"wc": [204507.73261290765, 9995.86582586531], "sc": [0.5388119696127591, 0.026444141990571723], "nmi": [0.3497821881441163, 0.32746255061419666, 0.32731336800925304, 0.3274310934820078, 0.3543181553743199, 0.34977212517021977, 0.3497536335305488, 0.3543119456412903, 0.32735040728323267, 0.35431815537431993]}, "8": {"wc": [111378.07635462089, 10131.083449318396], "sc": [0.41019773122298137, 0.01667253032666713], "nmi": [0.25862522413471645, 0.24911083151773442, 0.2506931619560669, 0.26126441871755174, 0.260282197952974, 0.24903940045486664, 0.24622423129569113, 0.29303843503168586, 0.24622423129569113, 0.24622423129569113]}, "16": {"wc": [51588.1473561893, 1386.7989303103893], "sc": [0.36672493184513605, 0.003087033826491531], "nmi": [0.2014057728707897, 0.20449093688888195, 0.2075814680476401, 0.20008757070589842, 0.20701158502544403, 0.20216316914572727, 0.20082837107055784, 0.20048530904883036, 0.20008757070589842, 0.20194655381739113]}, "32": {"wc": [26338.71127430149, 431.2818009402586], "sc": [0.35487724737329346, 0.002422052281242114], "nmi": [0.16841076475762312, 0.16803215599337581, 0.16795109751569054, 0.16883801778078786, 0.16902501203328882, 0.16919984297827664, 0.16761048532514883, 0.16871024226604958, 0.16846704733112955, 0.1670663921290634]}}}