{"1": {"2": {"wc": [390130.1121878622, 5.999555704617468], "sc": [0.3736058787256571, 2.3317624509969912e-05], "nmi": [0.8204474743917938, 0.8204474743917938, 0.8204474743917936, 0.8129008880517388, 0.8129008880517388, 0.8129008880517388, 0.8129008880517388, 0.8204474743917936, 0.8129008880517388, 0.8129008880517388]}, "4": {"wc": [273068.1765762798, 598.1337513087809], "sc": [0.5385576533022169, 0.0012032232042337866], "nmi": [2.503981871595113, 2.6533151361853213, 2.5033879514974906, 2.5596425949238006, 2.564129356344452, 2.654643091056418, 2.6548686253860785, 2.65527635853212, 2.5642778966230524, 2.6555046066647674]}, "8": {"wc": [180336.36381390953, 214.47375802489123], "sc": [0.6749416529729405, 0.0004891092537093656], "nmi": [6.5866675425580175, 6.586325566850739, 6.587762846510902, 6.581995888105386, 6.586371761276275, 6.666300431576876, 6.669835565851957, 6.5840812884963364, 6.666191338147007, 6.6705483544599]}, "16": {"wc": [122078.71034965021, 446.8493160032865], "sc": [0.7723743673569848, 0.00085104302321889], "nmi": [14.732495721410034, 14.902332613102326, 14.627111178232191, 14.841572725382283, 14.91007776490194, 14.733195093041973, 14.747332318156932, 14.839013537385481, 14.72125831111757, 14.784433941980248]}, "32": {"wc": [83459.82555199682, 304.8485274932187], "sc": [0.8395023556942504, 0.00047540110756293146], "nmi": [30.48964888684353, 30.469787252596845, 30.659364211565414, 30.881807449402544, 30.49439778237176, 30.432933035018003, 30.60996175555549, 30.51801601935886, 30.432933035018003, 30.465761969708492]}}, "2": {"2": {"wc": [179718.7523152353, 2613.2550553689766], "sc": [0.4746153285048996, 0.008750793245152525], "nmi": [1.2890392171599983, 1.2890392171599983, 1.6692906433279358, 1.2565127126096833, 1.2565127126096833, 1.2890392171599983, 1.2890392171599983, 1.2565127126096833, 1.2565127126096833, 1.2890392171599983]}, "4": {"wc": [74993.90165986193, 5547.992482371654], "sc": [0.7494462163136237, 0.01431236182693995], "nmi": [3.832637850136317, 4.134817800988979, 3.832637850136317, 3.832637850136317, 3.832637850136317, 3.832637850136317, 4.134817800988979, 3.832637850136317, 4.134817800988979, 3.832637850136317]}, "8": {"wc": [48703.18646071815, 537.0329211439664], "sc": [0.8177993439392551, 0.0012417430097071715], "nmi": [8.24961697701925, 7.899641343451105, 8.288536560153842, 8.09941684273179, 8.700331552420089, 8.198180858983644, 7.926280996767658, 8.235542787747484, 8.108137898805397, 8.278018720229163]}, "16": {"wc": [33682.975381400785, 543.4584682850899], "sc": [0.863659981631023, 0.0012477899152785019], "nmi": [16.366424042184107, 16.931976684664654, 16.23490365142944, 15.864477305347142, 16.415189564737865, 16.06133210079313, 16.417160811390982, 16.01037844099246, 15.828615296445495, 16.46972168468453]}, "32": {"wc": [23155.912187570706, 80.4176945746621], "sc": [0.9022806501736265, 0.0002599664825733074], "nmi": [32.49151562730033, 32.775564585854525, 32.594164446035784, 32.257663864274896, 32.0232738439059, 32.192662050775944, 32.09871892084219, 32.195040411352515, 32.949490992040005, 32.008702435956536]}}, "3": {"2": {"wc": [33267.44680775398, 1.0346765342644618e-11], "sc": [0.8217453505137587, 0.0], "nmi": [1.9850761036381726, 1.9850761036381726, 1.9850761036381726, 1.9850761036381726, 1.9850761036381726, 1.9850761036381726, 1.9850761036381726, 1.9850761036381726, 1.9850761036381726, 1.9850761036381726]}, "4": {"wc": [25101.413136749812, 485.64786403888303], "sc": [0.8362492821813067, 0.0013951763259488297], "nmi": [4.679433830349873, 4.007027021730229, 4.005883684049337, 4.461474396599222, 4.461474396599222, 4.4616373516278935, 4.679781071588654, 4.006098169831628, 4.679522414313544, 4.679867699337817]}, "8": {"wc": [17311.307972101386, 272.9827742615821], "sc": [0.8625254338299316, 0.001015281337339215], "nmi": [9.016951723273653, 9.487439145882314, 8.004832911864685, 8.328042548681449, 8.004832911864685, 8.068112367208386, 8.698531817202541, 8.268444647891556, 8.15520066465021, 9.016951723273653]}, "16": {"wc": [12094.773826902554, 118.4541392074872], "sc": [0.8967806002214156, 0.0006738477040919261], "nmi": [16.549559017299455, 16.849918290220455, 17.533645522826177, 16.568950273699233, 16.615708129708004, 17.922865185233476, 17.04301062819534, 17.669942718095545, 16.25272884631711, 16.615708129708004]}, "32": {"wc": [8564.165482195123, 23.90026488025863], "sc": [0.9247624539957859, 0.00020203148963178027], "nmi": [34.859274952268244, 33.44968345582748, 33.958872333690756, 33.65952149661365, 34.06142665098814, 33.77690842689184, 33.713567099135275, 33.57868104368054, 34.08903982140356, 34.130362833924835]}}}