{"1": {"2": {"wc": [8983426.8295631, 103.25414888957751], "sc": [0.37364871593720456, 2.1811640497437506e-05], "nmi": [0.17866713268254614, 0.17866713268254614, 0.17866713268254614, 0.17866713268254614, 0.1749157850444038, 0.17866713268254614, 0.1749157850444038, 0.1749157850444038, 0.17866713268254614, 0.17866713268254614]}, "4": {"wc": [4318758.544809664, 25096.44253917332], "sc": [0.5368042453239457, 0.0012187267837820447], "nmi": [0.28525375417590265, 0.25010410677098194, 0.25899156820191493, 0.25907907877222874, 0.24965794356062204, 0.2504742542644469, 0.2583046306917182, 0.28530249570789395, 0.25064620144679356, 0.28488820222932315]}, "8": {"wc": [1959758.76648494, 42459.61030907205], "sc": [0.6712380819660061, 0.0025909602434159274], "nmi": [0.31808990363235756, 0.3464914436283018, 0.3464938326097499, 0.34706592914878076, 0.343034551523523, 0.3204112113743618, 0.34295706238420043, 0.34653039353564996, 0.34295706238420043, 0.3419333555097945]}, "16": {"wc": [883150.2663335084, 7005.3588447069205], "sc": [0.7713760920940872, 0.0005732253342306987], "nmi": [0.37678304020999703, 0.3639948858459455, 0.3639948858459455, 0.3748298033930656, 0.38132102183131666, 0.3591603395911105, 0.38115833130823695, 0.3724761065743563, 0.3639352137836556, 0.37108375146172906]}, "32": {"wc": [414249.2377018598, 4351.202332985097], "sc": [0.8389228941393421, 0.0007600103647173275], "nmi": [0.34101758599689164, 0.3504440985921074, 0.3517813152253151, 0.3508037715286059, 0.3439344512895005, 0.3528648405791574, 0.3548257762201854, 0.3466927180505089, 0.35100037484579283, 0.3439344512895005]}}, "2": {"2": {"wc": [4393863.795223978, 101259.81382605636], "sc": [0.48474515144355607, 0.0071169807385755325], "nmi": [0.31042499855405825, 0.31042499855405825, 0.2939842151234023, 0.31042499855405825, 0.31042499855405825, 0.31042499855405825, 0.31042499855405825, 0.2745305666879051, 0.31042499855405825, 0.2939842151234023]}, "4": {"wc": [1274801.2668170475, 177162.32739742636], "sc": [0.7214558208424724, 0.015268725888478343], "nmi": [0.45465341281006205, 0.36402520488372075, 0.3612596226290557, 0.3612596226290557, 0.3612596226290557, 0.45465341281006216, 0.3612596226290557, 0.45465341281006216, 0.3612596226290557, 0.45465341281006216]}, "8": {"wc": [387401.96204925457, 12934.701809323511], "sc": [0.8174654746234047, 0.0015120198780972916], "nmi": [0.3850993902613597, 0.3817223811499428, 0.3732020344092381, 0.37365884016818507, 0.36504257943828794, 0.38464552137568647, 0.382037531198372, 0.37388526901753527, 0.3818229037984293, 0.3737831338468389]}, "16": {"wc": [199971.02262624842, 9566.369989875204], "sc": [0.860994403162969, 0.0018400063187509607], "nmi": [0.3117609752685245, 0.32149352921566365, 0.3136619129912367, 0.3136619129912367, 0.32182898205281174, 0.31427138018795836, 0.3097274264946286, 0.3207451879652976, 0.3095583876031411, 0.3193503737500919]}, "32": {"wc": [86369.97316490527, 1407.3192191292333], "sc": [0.9031633172753155, 0.0005955199264361105], "nmi": [0.2683152393286399, 0.26970974720389335, 0.27139601659395174, 0.26865075617985495, 0.2737109826521909, 0.27505326159485355, 0.27141394834829147, 0.2741440801573028, 0.2683152393286399, 0.2713875317030992]}}, "3": {"2": {"wc": [340372.41942807287, 3.9761508831695005e-10], "sc": [0.8217453505137587, 0.0], "nmi": [0.4907109902041447, 0.4907109902041447, 0.4907109902041447, 0.4907109902041447, 0.4907109902041447, 0.4907109902041447, 0.4907109902041447, 0.4907109902041447, 0.4907109902041447, 0.4907109902041447]}, "4": {"wc": [199225.1796080799, 10604.595029304588], "sc": [0.8351388038341025, 0.0015464238510447376], "nmi": [0.3273587174809376, 0.3543119456412903, 0.3273587174809375, 0.35431815537432, 0.3842953321728685, 0.3497821881441163, 0.32735040728323267, 0.3273201746378765, 0.35431815537432, 0.32746255061419666]}, "8": {"wc": [98022.2741699801, 3399.3402114362843], "sc": [0.863883838914676, 0.0009983082805129137], "nmi": [0.24622423129569113, 0.25068212640710896, 0.2586547126342518, 0.24622475763289484, 0.24622423129569113, 0.24622475763289484, 0.260282197952974, 0.24626409604663313, 0.24899148251522138, 0.26018038830456736]}, "16": {"wc": [50200.693385567225, 1056.454557448873], "sc": [0.8972052222119138, 0.0005187179087540356], "nmi": [0.2023691457601945, 0.20604913981307876, 0.2020508659596424, 0.20105411988507374, 0.2016857845590086, 0.2046181499730644, 0.19917132516024277, 0.2008554491109002, 0.20054778557575437, 0.20084567809157985]}, "32": {"wc": [26365.9977281389, 432.72538029878854], "sc": [0.9243743576932301, 0.00036694922668334135], "nmi": [0.1675558220906066, 0.16771371567654098, 0.16881187164849912, 0.16878605874180055, 0.1681699848675919, 0.16750993834261754, 0.17238725009110697, 0.17061431055194354, 0.1687722739254833, 0.1684979245149401]}}}